id;title;content;date
1;joshingly bongo;../fake-data/blob/hipster.txt;2024-03-25T22:08:22
2;bah deprive;../fake-data/blob/hipster.txt;2024-03-26T00:44:11
3;paddle;../fake-data/blob/hipster.txt;2024-03-26T05:11:17
4;fooey grouchy;../fake-data/blob/hipster.txt;2024-03-26T04:39:18
5;probate circa downshift;../fake-data/blob/hipster.txt;2024-03-25T16:32:23
6;jovially;../fake-data/blob/hipster.txt;2024-03-25T21:43:41
7;incompetence ouch mmm;../fake-data/blob/hipster.txt;2024-03-26T04:42:39
8;every duh nicely;../fake-data/blob/hipster.txt;2024-03-26T09:43:37
9;however;../fake-data/blob/hipster.txt;2024-03-26T05:34:11
10;ramen;../fake-data/blob/hipster.txt;2024-03-26T02:43:54
